PDB ID,Chain,Res ID,Res Name,Predict pKa,Target pKa,model pKa,Predict pKa shift,Target pKa shift
2ZTA,A,22,GLU,3.737220287322998,4.2,4.2,-0.46277971267700213,0.0
1HV0,A,78,GLU,7.141887664794922,4.6,4.2,2.9418876647949217,0.39999999999999947
1BNI,B,102,HIS,6.668697357177734,6.3,6.34,0.3286973571777345,-0.040000000000000036
1LZ3,A,7,GLU,3.3082034587860107,2.68,4.2,-0.8917965412139894,-1.52
1UBQ,A,21,ASP,3.5858616828918457,3.1,3.7,-0.11413831710815447,-0.6000000000000001
1DWR,A,113,HIS,5.093486785888672,5.87,6.34,-1.246513214111328,-0.46999999999999975
1TRS,A,58,ASP,2.9741528034210205,2.7,3.7,-0.7258471965789797,-1.0
2QMT,A,15,GLU,4.15388298034668,4.4,4.2,-0.04611701965332049,0.20000000000000018
1HV0,A,172,GLU,5.459627151489258,7.2,4.2,1.2596271514892576,3.0
1CDC,A,71,ASP,3.1597421169281006,3.18,3.7,-0.5402578830718996,-0.52
2QMT,A,36,ASP,4.18967342376709,3.8,3.7,0.48967342376708967,0.09999999999999964
1IGC,A,52,ASP,3.019561767578125,3.4,3.7,-0.6804382324218752,-0.30000000000000027
3C1E,A,119,LYS,6.936413288116455,6.2,10.4,-3.4635867118835453,-4.2
1EGF,A,46,ASP,2.7843358516693115,3.8,3.7,-0.9156641483306887,0.09999999999999964
1LNI,A,78,GLU,3.6034927368164062,3.13,4.2,-0.5965072631835939,-1.0700000000000003
1FNA,A,80,ASP,3.313577175140381,3.4,3.7,-0.3864228248596193,-0.30000000000000027
1IGC,A,45,ASP,3.2638823986053467,4.4,3.7,-0.4361176013946535,0.7000000000000002
1PGA,A,42,GLU,3.6762948036193848,4.4,4.2,-0.5237051963806154,0.20000000000000018
1GB1,A,36,ASP,4.192160129547119,3.8,3.7,0.49216012954711896,0.09999999999999964
1HNG,A,25,ASP,3.0809383392333984,3.53,3.7,-0.6190616607666017,-0.17000000000000037
1LSE,A,35,GLU,4.737504959106445,6.2,4.2,0.5375049591064451,2.0
2BCA,A,7,LYS,10.949714660644531,11.36,10.4,0.5497146606445309,0.9599999999999991
1UBQ,A,16,GLU,3.8651576042175293,3.9,4.2,-0.3348423957824709,-0.30000000000000027
1BPI,A,15,LYS,10.564657211303711,10.6,10.4,0.16465721130371058,0.1999999999999993
1BPI,A,46,LYS,10.678159713745117,10.6,10.4,0.27815971374511683,0.1999999999999993
1PPF,I,29,LYS,11.019308090209961,11.12,10.4,0.6193080902099606,0.7199999999999989
1IGC,A,61,GLU,3.841653347015381,4.2,4.2,-0.3583466529846193,0.0
1UBQ,A,39,ASP,3.173736810684204,3.6,3.7,-0.5262631893157961,-0.10000000000000009
1DE3,A,36,HIS,6.939291954040527,6.8,6.34,0.5992919540405275,0.45999999999999996
1BNZ,A,16,ASP,2.1865344047546387,2.62,3.7,-1.5134655952453615,-1.08
2BCA,A,72,LYS,11.006101608276367,11.33,10.4,0.6061016082763668,0.9299999999999997
1BNI,B,29,GLU,3.2361643314361572,3.75,4.2,-0.963835668563843,-0.4500000000000002
1STN,A,101,GLU,3.0030250549316406,3.81,4.2,-1.1969749450683596,-0.3900000000000001
1ERT,A,88,GLU,4.065342426300049,3.7,4.2,-0.13465757369995135,-0.5
1BHC,J,7,GLU,3.8671460151672363,3.7,4.2,-0.33285398483276385,-0.5
2ZTA,A,10,GLU,4.421282768249512,3.94,4.2,0.22128276824951154,-0.26000000000000023
6GST,A,84,HIS,6.792508125305176,7.08,6.34,0.4525081253051759,0.7400000000000002
1BHC,J,41,LYS,10.655752182006836,10.8,10.4,0.2557521820068356,0.40000000000000036
1BVI,B,92,HIS,6.591532230377197,7.31,6.34,0.2515322303771974,0.9699999999999998
1LSE,A,87,ASP,2.9895741939544678,2.07,3.7,-0.7104258060455324,-1.6300000000000003
1BVI,B,28,GLU,4.4086198806762695,5.61,4.2,0.20861988067626935,1.4100000000000001
1A6K,A,113,HIS,5.117053985595703,5.44,6.34,-1.2229460144042967,-0.8999999999999995
4HHB,A,89,HIS,6.61913537979126,7.2,6.34,0.2791353797912599,0.8600000000000003
1DIV,A,54,GLU,3.812082052230835,4.21,4.2,-0.3879179477691652,0.009999999999999787
1FKS,A,94,HIS,6.111442565917969,5.84,6.34,-0.2285574340820311,-0.5
1TRS,A,70,GLU,4.285442352294922,4.8,4.2,0.0854423522949217,0.5999999999999996
1STN,A,10,GLU,3.5212674140930176,2.82,4.2,-0.6787325859069826,-1.3800000000000003
4MBN,A,116,HIS,6.689585208892822,6.66,6.34,0.3495852088928224,0.3200000000000003
1LNI,A,14,GLU,4.187028408050537,5.02,4.2,-0.012971591949463068,0.8199999999999994
1IG5,A,12,LYS,10.669366836547852,11.06,10.4,0.2693668365478512,0.6600000000000001
1ERT,A,103,GLU,4.440418243408203,4.4,4.2,0.24041824340820295,0.20000000000000018
1LSE,A,33,LYS,10.229024887084961,10.6,10.4,-0.17097511291503942,0.1999999999999993
1DIV,A,38,GLU,3.867123603820801,4.04,4.2,-0.3328763961791994,-0.16000000000000014
1XNB,A,4,ASP,3.792670249938965,3.0,3.7,0.09267024993896467,-0.7000000000000002
1KF3,A,2,GLU,3.467071056365967,2.7,4.2,-0.7329289436340334,-1.5
1BNZ,A,50,ASP,3.232499122619629,3.55,3.7,-0.46750087738037127,-0.15000000000000036
1HNG,A,56,GLU,3.62947416305542,3.92,4.2,-0.5705258369445803,-0.28000000000000025
1DE3,A,50,HIS,6.287810325622559,7.7,6.34,-0.052189674377441264,1.3600000000000003
1GS9,A,146,LYS,10.190034866333008,9.2,10.4,-0.20996513366699254,-1.200000000000001
1HNG,A,28,ASP,3.0941357612609863,3.57,3.7,-0.6058642387390138,-0.13000000000000034
1CDC,A,72,ASP,3.8724284172058105,4.14,3.7,0.17242841720581037,0.4399999999999995
2QMT,A,27,GLU,3.9124207496643066,4.5,4.2,-0.28757925033569354,0.2999999999999998
1ERT,A,70,GLU,4.266152858734131,4.6,4.2,0.06615285873413068,0.39999999999999947
2QMT,A,56,GLU,3.2746968269348145,4.0,4.2,-0.9253031730651857,-0.20000000000000018
1B2X,A,8,ASP,2.4239747524261475,3.1,3.7,-1.2760252475738527,-0.6000000000000001
1BHC,J,15,LYS,10.620452880859375,10.6,10.4,0.22045288085937464,0.1999999999999993
1TRS,A,60,ASP,3.8688364028930664,3.9,3.7,0.16883640289306623,0.19999999999999973
1HNG,A,99,GLU,3.1999459266662598,4.25,4.2,-1.0000540733337404,0.04999999999999982
1HNG,A,33,GLU,4.069575786590576,4.16,4.2,-0.130424213409424,-0.040000000000000036
4HHB,A,50,HIS,6.682953357696533,7.2,6.34,0.34295335769653335,0.8600000000000003
1GS9,A,72,LYS,10.834272384643555,10.0,10.4,0.43427238464355433,-0.40000000000000036
1IG5,A,26,GLU,3.5497405529022217,4.08,4.2,-0.6502594470977785,-0.1200000000000001
2OVO,A,19,GLU,3.4387030601501465,3.21,4.2,-0.7612969398498537,-0.9900000000000002
1XNB,A,119,ASP,3.1514015197753906,3.2,3.7,-0.5485984802246096,-0.5
1QH7,A,15,ASP,2.824741840362549,3.35,3.7,-0.8752581596374513,-0.3500000000000001
1IGC,A,41,ASP,4.514420509338379,3.9,3.7,0.8144205093383787,0.19999999999999973
1DIV,A,8,ASP,3.0018150806427,2.99,3.7,-0.6981849193573,-0.71
1BVI,B,29,ASP,4.373382091522217,4.26,3.7,0.6733820915222166,0.5599999999999996
1DE3,A,115,GLU,3.4212489128112793,4.9,4.2,-0.7787510871887209,0.7000000000000002
1UBQ,A,64,GLU,3.742757797241211,4.5,4.2,-0.45724220275878924,0.2999999999999998
1LNI,A,17,ASP,4.353213787078857,3.72,3.7,0.6532137870788572,0.020000000000000018
1STN,A,40,ASP,3.165715217590332,3.87,3.7,-0.5342847824096681,0.16999999999999993
1YGW,A,66,ASP,3.26727557182312,3.9,3.7,-0.43272442817688006,0.19999999999999973
2OVO,A,55,LYS,10.487290382385254,11.1,10.4,0.08729038238525355,0.6999999999999993
1TRS,A,6,GLU,4.122533321380615,4.9,4.2,-0.07746667861938494,0.7000000000000002
3RN3,A,111,GLU,3.6978025436401367,3.5,4.2,-0.5021974563598635,-0.7000000000000002
1LSE,A,52,ASP,3.6495003700256348,3.68,3.7,-0.05049962997436541,-0.020000000000000018
2QMT,A,40,ASP,3.6172075271606445,4.0,3.7,-0.08279247283935565,0.2999999999999998
1EX3,A,194,ASP,4.580887794494629,2.29,3.7,0.8808877944946287,-1.4100000000000001
4ICB,A,4,GLU,3.620699882507324,3.77,4.2,-0.579300117492676,-0.43000000000000016
1HIC,A,43,GLU,3.5076417922973633,4.24,4.2,-0.6923582077026369,0.040000000000000036
1DWR,A,119,HIS,5.969888687133789,6.56,6.34,-0.3701113128662108,0.21999999999999975
1ERT,A,6,GLU,4.111132621765137,4.8,4.2,-0.08886737823486346,0.5999999999999996
2ZTA,A,28,LYS,10.683019638061523,10.64,10.4,0.2830196380615231,0.2400000000000002
1CDC,A,26,ASP,2.991766929626465,3.58,3.7,-0.7082330703735353,-0.1200000000000001
1EX3,A,102,ASP,4.267101287841797,1.36,3.7,0.5671012878417967,-2.34
1YGW,A,92,HIS,6.846315383911133,7.31,6.34,0.506315383911133,0.9699999999999998
1BPI,A,50,ASP,2.8098206520080566,3.4,3.7,-0.8901793479919435,-0.30000000000000027
1A6K,A,116,HIS,6.205539703369141,6.49,6.34,-0.13446029663085923,0.15000000000000036
1YGW,A,40,HIS,5.38258171081543,7.44,6.34,-0.9574182891845702,1.1000000000000005
1H4G,B,90,ASP,3.710362434387207,3.88,3.7,0.010362434387206854,0.17999999999999972
1IGC,A,20,GLU,3.7954697608947754,4.3,4.2,-0.4045302391052248,0.09999999999999964
1DE3,A,82,HIS,7.625567436218262,7.3,6.34,1.2855674362182619,0.96
1XNB,A,11,ASP,3.1841912269592285,2.5,3.7,-0.5158087730407717,-1.2000000000000002
1BNI,B,73,GLU,4.484580993652344,2.1,4.2,0.2845809936523436,-2.1
2CPL,A,70,HIS,6.643370628356934,5.84,6.34,0.30337062835693374,-0.5
1BHC,J,46,LYS,10.583934783935547,10.6,10.4,0.18393478393554652,0.1999999999999993
2OVO,A,34,LYS,10.466129302978516,10.13,10.4,0.06612930297851527,-0.2699999999999996
1YPH,C,57,HIS,6.679300785064697,6.14,6.34,0.3393007850646974,-0.20000000000000018
1DG9,A,72,HIS,6.0438947677612305,9.19,6.34,-0.2961052322387694,2.8499999999999996
1CDC,A,41,GLU,3.4639086723327637,6.73,4.2,-0.7360913276672365,2.5300000000000002
1QH7,A,5,ASP,3.5539133548736572,3.84,3.7,-0.14608664512634295,0.13999999999999968
1TRS,A,47,GLU,4.09306001663208,4.3,4.2,-0.1069399833679201,0.09999999999999964
1A6K,A,119,HIS,5.218682289123535,6.13,6.34,-1.1213177108764647,-0.20999999999999996
1EGF,A,11,ASP,3.7331647872924805,3.9,3.7,0.03316478729248029,0.19999999999999973
1IGC,A,27,ASP,2.346984624862671,2.9,3.7,-1.3530153751373293,-0.8000000000000003
1YGW,A,28,GLU,4.209173202514648,5.61,4.2,0.00917320251464826,1.4100000000000001
2QMT,A,46,ASP,2.9137229919433594,3.6,3.7,-0.7862770080566408,-0.10000000000000009
4ICB,A,25,LYS,10.887199401855469,11.81,10.4,0.4871994018554684,1.4100000000000001
1ERT,A,56,GLU,4.136492729187012,5.0,4.2,-0.06350727081298846,0.7999999999999998
1STN,A,73,GLU,3.7734689712524414,3.31,4.2,-0.42653102874755877,-0.8900000000000001
1BI6,H,1,GLU,4.172482490539551,3.3,4.2,-0.027517509460449396,-0.9000000000000004
3RUZ,A,68,LYS,9.07380485534668,7.4,10.4,-1.3261951446533207,-3.0
1TRS,A,13,GLU,4.215963840484619,4.4,4.2,0.015963840484618963,0.20000000000000018
1BVI,B,49,ASP,3.706237316131592,4.22,3.7,0.006237316131591619,0.5199999999999996
1GS9,A,143,LYS,10.207488059997559,9.5,10.4,-0.19251194000244176,-0.9000000000000004
1HNG,A,62,ASP,4.0718560218811035,4.15,3.7,0.37185602188110334,0.4500000000000002
1KF3,A,121,ASP,3.680736541748047,3.0,3.7,-0.019263458251953303,-0.7000000000000002
1BI6,H,13,ASP,3.830293655395508,3.8,3.7,0.13029365539550763,0.09999999999999964
1A6K,A,36,HIS,7.392399311065674,8.06,6.34,1.052399311065674,1.7200000000000006
1UBQ,A,18,GLU,4.153874397277832,4.3,4.2,-0.046125602722168146,0.09999999999999964
135L,A,7,GLU,3.327970027923584,2.68,4.2,-0.8720299720764162,-1.52
1LSE,A,13,LYS,10.462592124938965,10.5,10.4,0.06259212493896449,0.09999999999999964
1BI6,L,5,GLU,3.972315549850464,4.0,4.2,-0.2276844501495363,-0.20000000000000018
1DE3,A,92,HIS,6.466740608215332,6.9,6.34,0.12674060821533217,0.5600000000000005
1TRS,A,16,ASP,4.305048942565918,4.2,3.7,0.6050489425659178,0.5
1DE3,A,104,HIS,6.6584343910217285,6.6,6.34,0.31843439102172866,0.2599999999999998
1ERT,A,26,ASP,7.118599891662598,9.9,3.7,3.4185998916625975,6.2
1KF3,A,38,ASP,3.076573610305786,2.1,3.7,-0.623426389694214,-1.6
135L,A,18,ASP,2.8819751739501953,2.68,3.7,-0.8180248260498049,-1.02
1SAP,A,53,GLU,4.111723899841309,3.53,4.2,-0.08827610015869158,-0.6700000000000004
1ERT,A,98,GLU,4.095003128051758,3.9,4.2,-0.10499687194824237,-0.30000000000000027
1H4G,B,56,GLU,4.200562000274658,4.55,4.2,0.0005620002746580255,0.34999999999999964
1A91,A,37,GLU,4.230106353759766,5.5,4.2,0.030106353759765447,1.2999999999999998
1IG5,A,29,LYS,10.748586654663086,11.28,10.4,0.3485866546630856,0.879999999999999
1STG,A,46,HIS,5.979134559631348,5.8,6.34,-0.3608654403686522,-0.54
2ZTA,A,27,LYS,10.59041976928711,11.1,10.4,0.19041976928710902,0.6999999999999993
1STN,A,129,GLU,3.349848508834839,3.75,4.2,-0.8501514911651613,-0.4500000000000002
4ICB,A,55,LYS,11.206865310668945,12.12,10.4,0.806865310668945,1.7199999999999989
3RN3,A,9,GLU,4.0839338302612305,4.0,4.2,-0.11606616973876971,-0.20000000000000018
1DE3,A,140,GLU,3.6239607334136963,4.3,4.2,-0.5760392665863039,0.09999999999999964
1LNI,A,79,ASP,5.127148151397705,7.37,3.7,1.427148151397705,3.67
1UBQ,A,51,GLU,3.5701656341552734,3.8,4.2,-0.6298343658447267,-0.40000000000000036
1IG5,A,47,ASP,3.077691078186035,3.04,3.7,-0.622308921813965,-0.6600000000000001
1IGC,A,32,GLU,4.249640464782715,4.6,4.2,0.049640464782714666,0.39999999999999947
1BNZ,A,36,GLU,3.682058811187744,4.89,4.2,-0.517941188812256,0.6899999999999995
1CDC,A,62,ASP,3.3593385219573975,4.15,3.7,-0.3406614780426027,0.4500000000000002
1DIV,A,48,GLU,3.8810763359069824,4.21,4.2,-0.31892366409301776,0.009999999999999787
1H4G,B,126,GLU,3.058014392852783,4.51,4.2,-1.141985607147217,0.3099999999999996
1LSE,A,97,LYS,10.67121696472168,10.3,10.4,0.27121696472167933,-0.09999999999999964
1H4G,B,94,GLU,5.1288251876831055,3.94,4.2,0.9288251876831053,-0.26000000000000023
1SAP,A,47,GLU,3.5595927238464355,4.21,4.2,-0.6404072761535646,0.009999999999999787
4LZT,A,15,HIS,5.693920135498047,5.36,6.34,-0.646079864501953,-0.9799999999999995
1A6K,A,97,HIS,4.785409450531006,5.63,6.34,-1.554590549468994,-0.71
1BVI,B,82,GLU,3.462472915649414,3.27,4.2,-0.7375270843505861,-0.9300000000000002
1H4G,B,60,HIS,5.34627628326416,4.01,6.34,-0.9937237167358397,-2.33
1ERT,A,61,ASP,4.517186641693115,5.3,3.7,0.8171866416931151,1.5999999999999996
2BCA,A,26,GLU,4.226644992828369,4.08,4.2,0.026644992828368963,-0.1200000000000001
1BVI,B,66,ASP,3.3960838317871094,3.9,3.7,-0.3039161682128908,0.19999999999999973
4ICB,A,11,GLU,4.2533345222473145,4.74,4.2,0.053334522247314275,0.54
1CDC,A,29,GLU,3.7986879348754883,4.42,4.2,-0.4013120651245119,0.21999999999999975
1BI6,H,32,ASP,3.823395013809204,3.1,3.7,0.12339501380920392,-0.6000000000000001
1KF3,A,12,HIS,5.571829795837402,6.0,6.34,-0.7681702041625975,-0.33999999999999986
1DE3,A,35,HIS,7.070501327514648,6.3,6.34,0.7305013275146486,-0.040000000000000036
1HNG,A,72,ASP,3.4915611743927,4.14,3.7,-0.20843882560729998,0.4399999999999995
1SAP,A,64,GLU,3.832740068435669,4.23,4.2,-0.36725993156433123,0.03000000000000025
1UBQ,A,32,ASP,3.6524367332458496,3.8,3.7,-0.04756326675415057,0.09999999999999964
1IG5,A,48,GLU,3.9200196266174316,4.62,4.2,-0.27998037338256854,0.41999999999999993
1YGW,A,102,GLU,4.567490100860596,5.3,4.2,0.3674901008605955,1.0999999999999996
1B2X,A,86,ASP,3.100365161895752,4.2,3.7,-0.5996348381042482,0.5
1CDC,A,94,ASP,3.0601344108581543,3.87,3.7,-0.6398655891418459,0.16999999999999993
1LNI,A,53,HIS,7.2189435958862305,8.27,6.34,0.8789435958862306,1.9299999999999997
4ICB,A,47,ASP,2.2465286254882812,3.04,3.7,-1.453471374511719,-0.6600000000000001
1YGW,A,15,ASP,3.2214534282684326,3.52,3.7,-0.47854657173156756,-0.18000000000000016
6GST,A,167,HIS,7.427308559417725,7.77,6.34,1.0873085594177248,1.4299999999999997
1DIV,A,17,GLU,3.215867757797241,3.57,4.2,-0.984132242202759,-0.6300000000000003
1LNI,A,93,ASP,3.388266086578369,3.09,3.7,-0.31173391342163104,-0.6100000000000003
1BNI,B,8,ASP,3.4098293781280518,3.1,3.7,-0.2901706218719484,-0.6000000000000001
1IG5,A,1,LYS,10.616353988647461,10.59,10.4,0.21635398864746058,0.1899999999999995
1YGW,A,82,GLU,3.8143386840820312,3.27,4.2,-0.3856613159179689,-0.9300000000000002
1UBQ,A,24,GLU,4.415016174316406,4.3,4.2,0.21501617431640607,0.09999999999999964
1DIV,A,23,ASP,3.490077495574951,3.05,3.7,-0.209922504425049,-0.6500000000000004
1TRS,A,88,GLU,3.829026222229004,3.6,4.2,-0.37097377777099627,-0.6000000000000001
1UBQ,A,58,ASP,3.1676270961761475,3.6,3.7,-0.5323729038238527,-0.10000000000000009
1GS9,A,75,LYS,10.580244064331055,10.1,10.4,0.18024406433105433,-0.3000000000000007
1TRS,A,20,ASP,2.4273245334625244,3.8,3.7,-1.2726754665374758,0.09999999999999964
1YGW,A,46,GLU,3.80143404006958,3.62,4.2,-0.3985659599304201,-0.5800000000000001
1B2X,A,102,HIS,6.117903709411621,6.3,6.34,-0.22209629058837876,-0.040000000000000036
1IG5,A,7,LYS,10.978317260742188,11.36,10.4,0.5783172607421871,0.9599999999999991
1A91,A,61,ASP,4.761972427368164,7.1,3.7,1.0619724273681639,3.3999999999999995
1LSE,A,96,LYS,10.419672012329102,10.8,10.4,0.019672012329101207,0.40000000000000036
1BI6,H,24,GLU,3.839419364929199,4.2,4.2,-0.36058063507080096,0.0
2BCA,A,41,LYS,10.335470199584961,10.93,10.4,-0.06452980041503942,0.5299999999999994
1QH7,A,56,GLU,4.11680269241333,4.55,4.2,-0.0831973075866701,0.34999999999999964
1LZ3,A,119,ASP,2.63012957572937,3.35,3.7,-1.06987042427063,-0.3500000000000001
1BNI,B,86,ASP,3.246802568435669,4.2,3.7,-0.45319743156433123,0.5
1BNZ,A,60,GLU,3.6662397384643555,4.24,4.2,-0.5337602615356447,0.040000000000000036
1TRS,A,103,GLU,4.404501914978027,4.5,4.2,0.20450191497802717,0.2999999999999998
1BI6,H,38,ASP,3.5262451171875,3.7,3.7,-0.17375488281250018,0.0
1STG,A,124,HIS,6.101070404052734,5.99,6.34,-0.23892959594726548,-0.34999999999999964
1DUK,A,81,HIS,6.966627597808838,6.58,6.34,0.626627597808838,0.2400000000000002
1HV1,A,78,GLU,6.545287132263184,4.6,4.2,2.3452871322631834,0.39999999999999947
2OVO,A,10,GLU,3.72414231300354,4.14,4.2,-0.47585768699646014,-0.0600000000000005
1TRS,A,56,GLU,4.009720802307129,3.2,4.2,-0.19027919769287127,-1.0
1GB1,A,15,GLU,4.184306621551514,4.4,4.2,-0.015693378448486506,0.20000000000000018
2BCA,A,55,LYS,11.232109069824219,12.12,10.4,0.8321090698242184,1.7199999999999989
1IGD,A,24,LYS,10.383525848388672,10.7,10.4,-0.01647415161132848,0.29999999999999893
1KF3,A,86,GLU,3.9023852348327637,4.0,4.2,-0.2976147651672365,-0.20000000000000018
1YGW,A,3,ASP,3.1108298301696777,3.54,3.7,-0.5891701698303224,-0.16000000000000014
2OVO,A,13,LYS,10.995830535888672,9.86,10.4,0.5958305358886715,-0.5400000000000009
1LSE,A,18,ASP,2.8697547912597656,2.66,3.7,-0.8302452087402346,-1.04
1B2X,A,60,GLU,3.7323944568634033,3.0,4.2,-0.46760554313659686,-1.2000000000000002
1QH7,A,184,GLU,4.9906907081604,6.5,4.2,0.7906907081604002,2.3
1DE3,A,31,GLU,3.9814906120300293,4.6,4.2,-0.21850938796997088,0.39999999999999947
1BNI,B,18,HIS,7.330759525299072,7.75,6.34,0.9907595252990724,1.4100000000000001
1IG5,A,4,GLU,3.608700752258301,3.77,4.2,-0.5912992477416994,-0.43000000000000016
1HNG,A,2,ASP,2.7487971782684326,3.55,3.7,-0.9512028217315676,-0.15000000000000036
1IGC,A,51,ASP,2.582165002822876,3.6,3.7,-1.1178349971771242,-0.10000000000000009
1TRS,A,64,ASP,2.512885570526123,3.2,3.7,-1.1871144294738771,-0.5
4MBN,A,36,HIS,7.2251691818237305,7.83,6.34,0.8851691818237306,1.4900000000000002
1B2X,A,73,GLU,3.197969913482666,2.1,4.2,-1.0020300865173342,-2.1
1HIC,A,35,GLU,3.769707202911377,4.32,4.2,-0.4302927970886232,0.1200000000000001
4ICB,A,12,LYS,11.110418319702148,11.06,10.4,0.7104183197021481,0.6600000000000001
1HIC,A,8,GLU,3.426342487335205,4.28,4.2,-0.7736575126647951,0.08000000000000007
1TRS,A,61,ASP,4.157482624053955,5.2,3.7,0.4574826240539549,1.5
1B2X,A,44,ASP,4.020316123962402,3.6,3.7,0.32031612396240217,-0.10000000000000009
1HNG,A,26,ASP,2.838132858276367,3.58,3.7,-0.861867141723633,-0.1200000000000001
1IG5,A,16,LYS,11.119352340698242,11.06,10.4,0.7193523406982418,0.6600000000000001
1BPI,A,41,LYS,10.343650817871094,10.8,10.4,-0.056349182128906605,0.40000000000000036
1SAP,A,56,ASP,3.468756675720215,3.35,3.7,-0.23124332427978533,-0.3500000000000001
1H4G,B,12,ASP,3.5862205028533936,3.94,3.7,-0.11377949714660662,0.23999999999999977
1DE3,A,150,HIS,6.24846076965332,7.6,6.34,-0.09153923034667955,1.2599999999999998
1LNI,A,1,ASP,3.6268954277038574,3.44,3.7,-0.07310457229614276,-0.26000000000000023
1BPI,A,3,ASP,3.484959840774536,3.0,3.7,-0.21504015922546404,-0.7000000000000002
1XNB,A,172,GLU,5.337255477905273,7.2,4.2,1.1372554779052733,3.0
1LSE,A,7,GLU,4.0940728187561035,2.85,4.2,-0.10592718124389666,-1.35
1DWR,A,36,HIS,7.264784336090088,7.8,6.34,0.924784336090088,1.46
1HIC,A,17,GLU,4.113204479217529,3.79,4.2,-0.08679552078247088,-0.41000000000000014
1BI6,H,2,GLU,3.6219820976257324,3.3,4.2,-0.5780179023742678,-0.9000000000000004
1A91,A,7,ASP,4.275984764099121,5.6,3.7,0.5759847640991209,1.8999999999999995
1ERT,A,58,ASP,3.1625254154205322,3.1,3.7,-0.537474584579468,-0.6000000000000001
1ERT,A,64,ASP,2.734102964401245,3.1,3.7,-0.9658970355987551,-0.6000000000000001
1GB1,A,27,GLU,4.149492263793945,4.5,4.2,-0.050507736206054865,0.2999999999999998
1HNG,A,71,ASP,3.3809499740600586,3.18,3.7,-0.3190500259399416,-0.52
1GS9,A,69,LYS,10.71148681640625,10.4,10.4,0.31148681640624964,0.0
2BCA,A,29,LYS,10.238687515258789,11.28,10.4,-0.1613124847412113,0.879999999999999
1A6K,A,81,HIS,6.614252090454102,6.68,6.34,0.2742520904541017,0.33999999999999986
1A6K,A,48,HIS,6.3117899894714355,5.25,6.34,-0.02821001052856431,-1.0899999999999999
1SAP,A,49,ASP,3.3597612380981445,3.55,3.7,-0.34023876190185565,-0.15000000000000036
1HNG,A,41,GLU,4.313230037689209,6.73,4.2,0.1132300376892088,2.5300000000000002
1GB1,A,46,ASP,3.1153531074523926,3.6,3.7,-0.5846468925476076,-0.10000000000000009
4ICB,A,41,LYS,10.665359497070312,10.93,10.4,0.26535949707031214,0.5299999999999994
1YGW,A,27,HIS,8.174947738647461,7.57,6.34,1.834947738647461,1.2300000000000004
1BHC,J,49,GLU,3.7008938789367676,3.8,4.2,-0.4991061210632326,-0.40000000000000036
2IGH,A,41,ASP,3.780350685119629,3.9,3.7,0.08035068511962873,0.19999999999999973
1DE3,A,19,GLU,3.436656951904297,4.6,4.2,-0.7633430480957033,0.39999999999999947
1RGG,A,54,GLU,4.352940082550049,3.42,4.2,0.15294008255004865,-0.7800000000000002
4ICB,A,26,GLU,3.831913948059082,4.08,4.2,-0.36808605194091815,-0.1200000000000001
1LSE,A,48,ASP,2.9067461490631104,1.6,3.7,-0.7932538509368898,-2.1
1FKS,A,87,HIS,5.730748176574707,6.51,6.34,-0.6092518234252928,0.16999999999999993
1DWR,A,48,HIS,6.051076889038086,5.62,6.34,-0.2889231109619139,-0.7199999999999998
2ZTA,A,8,LYS,10.7777099609375,11.26,10.4,0.37770996093749964,0.8599999999999994
2OVO,A,29,LYS,10.751728057861328,11.12,10.4,0.35172805786132777,0.7199999999999989
1PPF,I,55,LYS,10.640127182006836,11.1,10.4,0.24012718200683558,0.6999999999999993
1YPH,C,102,ASP,2.9684510231018066,2.77,3.7,-0.7315489768981935,-0.9300000000000002
1PPF,I,13,LYS,11.103532791137695,9.87,10.4,0.703532791137695,-0.5300000000000011
2IGH,A,52,ASP,3.4023172855377197,3.4,3.7,-0.29768271446228045,-0.30000000000000027
1BVI,B,3,ASP,3.3775246143341064,3.54,3.7,-0.32247538566589373,-0.16000000000000014
1CDC,A,28,ASP,2.769141912460327,3.57,3.7,-0.930858087539673,-0.13000000000000034
1B2X,A,12,ASP,3.6673693656921387,3.8,3.7,-0.032630634307861506,0.09999999999999964
2QMT,A,42,GLU,3.9973039627075195,4.4,4.2,-0.20269603729248065,0.20000000000000018
1STN,A,121,HIS,5.5298027992248535,5.3,6.34,-0.8101972007751463,-1.04
1QH7,A,126,GLU,3.443751335144043,4.51,4.2,-0.7562486648559572,0.3099999999999996
1GB1,A,40,ASP,3.0750551223754883,4.0,3.7,-0.6249448776245119,0.2999999999999998
4ICB,A,72,LYS,10.365545272827148,11.33,10.4,-0.03445472717285192,0.9299999999999997
1QH7,A,60,HIS,4.99896240234375,4.01,6.34,-1.3410375976562499,-2.33
1ERT,A,95,GLU,3.730891227722168,4.1,4.2,-0.4691087722778322,-0.10000000000000053
3SRN,A,105,HIS,6.150172710418701,6.82,6.34,-0.18982728958129869,0.4800000000000004
1LZ3,A,52,ASP,4.3585662841796875,3.78,3.7,0.6585662841796873,0.07999999999999963
1GS9,A,95,LYS,10.700523376464844,10.1,10.4,0.3005233764648434,-0.3000000000000007
1H4G,B,17,GLU,3.7619173526763916,4.31,4.2,-0.4380826473236086,0.10999999999999943
1GB1,A,56,GLU,3.635183095932007,4.0,4.2,-0.5648169040679933,-0.20000000000000018
2OVO,A,7,ASP,2.854377031326294,2.67,3.7,-0.8456229686737062,-1.0300000000000002
1GB1,A,47,ASP,3.704585313796997,3.4,3.7,0.004585313796996893,-0.30000000000000027
1IGC,A,29,GLU,3.8256115913391113,4.2,4.2,-0.37438840866088885,0.0
4MBN,A,119,HIS,5.271589279174805,6.38,6.34,-1.0684107208251952,0.040000000000000036
2IGH,A,32,GLU,3.912355899810791,4.6,4.2,-0.28764410018920916,0.39999999999999947
1B2X,A,75,ASP,4.254338264465332,3.1,3.7,0.5543382644653319,-0.6000000000000001
1H4G,B,184,GLU,5.5792236328125,6.5,4.2,1.3792236328124998,2.3
1SAP,A,12,GLU,3.6999523639678955,4.41,4.2,-0.5000476360321047,0.20999999999999996
2QMT,A,19,GLU,3.8033318519592285,3.7,4.2,-0.39666814804077166,-0.5
1BVI,B,58,GLU,3.0889904499053955,3.96,4.2,-1.1110095500946047,-0.2400000000000002
1DWR,A,81,HIS,6.432251930236816,6.94,6.34,0.09225193023681655,0.6000000000000005
1ERT,A,60,ASP,3.8431437015533447,4.2,3.7,0.14314370155334455,0.5
1DE3,A,59,ASP,2.7924695014953613,4.1,3.7,-0.9075304985046388,0.39999999999999947
3RN3,A,48,HIS,5.894381523132324,6.0,6.34,-0.44561847686767564,-0.33999999999999986
1DE3,A,96,GLU,6.385286331176758,5.1,4.2,2.1852863311767576,0.8999999999999995
1IG5,A,11,GLU,4.411541938781738,4.74,4.2,0.2115419387817381,0.54
1H4G,B,167,GLU,3.8522753715515137,3.58,4.2,-0.3477246284484865,-0.6200000000000001
1SAP,A,35,ASP,3.1577024459838867,3.42,3.7,-0.5422975540161135,-0.28000000000000025
1QH7,A,21,ASP,3.1705334186553955,3.46,3.7,-0.5294665813446047,-0.2400000000000002
1STN,A,67,GLU,4.176851749420166,3.76,4.2,-0.023148250579834162,-0.4400000000000004
1H4G,B,11,HIS,6.328771591186523,6.52,6.34,-0.01122840881347642,0.17999999999999972
1BPI,A,26,LYS,10.587127685546875,10.6,10.4,0.18712768554687464,0.1999999999999993
1SAP,A,16,ASP,2.7048707008361816,2.89,3.7,-0.9951292991638185,-0.81
1FNA,A,47,GLU,4.046205520629883,3.9,4.2,-0.15379447937011737,-0.30000000000000027
4ICB,A,7,LYS,11.1365966796875,11.36,10.4,0.7365966796874996,0.9599999999999991
1UBQ,A,34,GLU,3.3639798164367676,4.5,4.2,-0.8360201835632326,0.2999999999999998
1HIC,A,5,ASP,3.1936373710632324,4.25,3.7,-0.5063626289367678,0.5499999999999998
2ZTA,A,18,HIS,6.192924499511719,6.24,6.34,-0.1470755004882811,-0.09999999999999964
1UBQ,A,52,ASP,2.5018837451934814,3.4,3.7,-1.1981162548065187,-0.30000000000000027
1IG5,A,64,GLU,3.357612133026123,3.84,4.2,-0.8423878669738771,-0.3600000000000003
1IG5,A,71,LYS,10.535396575927734,10.73,10.4,0.13539657592773402,0.33000000000000007
1MUT,A,39,LYS,11.108823776245117,8.4,10.4,0.7088237762451168,-2.0
1BVI,B,40,HIS,7.105029106140137,7.44,6.34,0.7650291061401369,1.1000000000000005
1CDC,A,25,ASP,3.168936252593994,3.53,3.7,-0.531063747406006,-0.17000000000000037
2ZTA,A,20,GLU,4.247027397155762,4.38,4.2,0.04702739715576154,0.17999999999999972
2ZTA,A,7,ASP,4.005862712860107,3.48,3.7,0.30586271286010724,-0.2200000000000002
2ZTA,A,11,GLU,3.6468610763549805,4.05,4.2,-0.5531389236450197,-0.15000000000000036
1BI6,H,9,ASP,3.482300281524658,3.0,3.7,-0.21769971847534197,-0.7000000000000002
1IG5,A,55,LYS,11.256113052368164,12.12,10.4,0.8561130523681637,1.7199999999999989
2IGH,A,51,ASP,3.0869593620300293,3.6,3.7,-0.6130406379699709,-0.10000000000000009
3SRN,A,12,HIS,6.460261344909668,6.03,6.34,0.12026134490966811,-0.3099999999999996
1H4G,B,32,HIS,6.569584369659424,6.68,6.34,0.22958436965942397,0.33999999999999986
1BVI,B,46,GLU,3.98439359664917,3.62,4.2,-0.21560640335083026,-0.5800000000000001
3SSI,A,106,HIS,5.382611274719238,6.0,6.34,-0.9573887252807616,-0.33999999999999986
1STG,A,8,HIS,6.411073207855225,6.82,6.34,0.07107320785522475,0.4800000000000004
1B2X,A,18,HIS,7.214878082275391,7.75,6.34,0.8748780822753908,1.4100000000000001
1QH7,A,17,GLU,3.4421818256378174,4.31,4.2,-0.7578181743621828,0.10999999999999943
1QH7,A,90,ASP,3.8278541564941406,3.88,3.7,0.12785415649414045,0.17999999999999972
1BNZ,A,12,GLU,3.516180992126465,4.33,4.2,-0.6838190078735353,0.1299999999999999
4ICB,A,48,GLU,3.6612417697906494,4.62,4.2,-0.5387582302093508,0.41999999999999993
1BHC,J,26,LYS,10.770967483520508,10.6,10.4,0.37096748352050746,0.1999999999999993
4MBN,A,113,HIS,5.159612655639648,5.51,6.34,-1.1803873443603514,-0.8300000000000001
1H4G,B,5,ASP,3.5861663818359375,3.84,3.7,-0.11383361816406268,0.13999999999999968
1DE3,A,57,ASP,3.821593761444092,4.3,3.7,0.12159376144409162,0.5999999999999996
1DE3,A,9,ASP,3.7335000038146973,3.9,3.7,0.03350000381469709,0.19999999999999973
1LZ3,A,18,ASP,3.0334794521331787,2.68,3.7,-0.6665205478668215,-1.02
2CPL,A,126,HIS,5.142150402069092,6.34,6.34,-1.197849597930908,0.0
1BHC,J,3,ASP,3.278303384780884,3.0,3.7,-0.4216966152191164,-0.7000000000000002
1A91,A,44,ASP,3.5975589752197266,5.6,3.7,-0.10244102478027362,1.8999999999999995
1HIC,A,33,ASP,3.4473490715026855,4.24,3.7,-0.25265092849731463,0.54
1B2X,A,29,GLU,3.8304643630981445,3.75,4.2,-0.36953563690185565,-0.4500000000000002
1BPI,A,49,GLU,3.3710432052612305,3.8,4.2,-0.8289567947387697,-0.40000000000000036
1BNI,B,12,ASP,3.9816675186157227,3.8,3.7,0.2816675186157225,0.09999999999999964
1FNA,A,67,ASP,2.3737142086029053,4.2,3.7,-1.326285791397095,0.5
1A6K,A,24,HIS,5.8559770584106445,6.2,6.34,-0.4840229415893553,-0.13999999999999968
1GS9,A,157,LYS,10.807289123535156,11.1,10.4,0.4072891235351559,0.6999999999999993
1ERT,A,13,GLU,4.248218536376953,4.8,4.2,0.04821853637695295,0.5999999999999996
1IG5,A,72,LYS,10.667009353637695,11.33,10.4,0.26700935363769496,0.9299999999999997
1ANS,A,20,GLU,4.157902717590332,5.4,4.2,-0.042097282409668146,1.2000000000000002
4HHB,A,72,HIS,7.286403656005859,7.3,6.34,0.9464036560058595,0.96
1YGW,A,31,GLU,4.434595108032227,5.36,4.2,0.23459510803222638,1.1600000000000001
4ICB,A,64,GLU,3.3820440769195557,3.84,4.2,-0.8179559230804445,-0.3600000000000003
2QMT,A,22,ASP,2.1381912231445312,2.9,3.7,-1.561808776855469,-0.8000000000000003
1KF3,A,49,GLU,4.041697025299072,4.3,4.2,-0.1583029747009279,0.09999999999999964
2IGH,A,45,ASP,3.8333873748779297,4.4,3.7,0.1333873748779295,0.7000000000000002
1IG5,A,25,LYS,10.869882583618164,11.81,10.4,0.4698825836181637,1.4100000000000001
1CDC,A,33,GLU,3.7716994285583496,4.16,4.2,-0.42830057144165057,-0.040000000000000036
4HHB,A,20,HIS,7.092965126037598,7.6,6.34,0.7529651260375978,1.2599999999999998
1DE3,A,109,ASP,2.6609973907470703,3.7,3.7,-1.0390026092529299,0.0
2IGH,A,20,GLU,4.001520156860352,4.3,4.2,-0.19847984313964862,0.09999999999999964
1HNG,A,29,GLU,3.8823912143707275,4.42,4.2,-0.31760878562927264,0.21999999999999975
1DG9,A,66,HIS,7.410917282104492,8.29,6.34,1.0709172821044923,1.9499999999999993
1KF3,A,105,HIS,5.229279518127441,6.5,6.34,-1.1107204818725585,0.16000000000000014
1BNZ,A,35,ASP,2.7649009227752686,2.67,3.7,-0.9350990772247316,-1.0300000000000002
1TRS,A,98,GLU,4.029299736022949,3.9,4.2,-0.17070026397705096,-0.30000000000000027
1H4G,B,21,ASP,3.0090746879577637,3.46,3.7,-0.6909253120422365,-0.2400000000000002
1PGA,A,19,GLU,3.6986868381500244,3.7,4.2,-0.5013131618499758,-0.5
1SAP,A,14,GLU,3.3250644207000732,4.0,4.2,-0.8749355792999269,-0.20000000000000018
2OVO,A,43,GLU,4.362528324127197,4.81,4.2,0.1625283241271971,0.6099999999999994
2OVO,A,27,ASP,3.409902572631836,2.3,3.7,-0.29009742736816424,-1.4000000000000004
1EGF,A,24,GLU,3.484312057495117,4.1,4.2,-0.715687942504883,-0.10000000000000053
3SRN,B,119,HIS,6.177518367767334,6.33,6.34,-0.16248163223266587,-0.009999999999999787
1XNB,A,121,ASP,3.455024003982544,3.6,3.7,-0.24497599601745623,-0.10000000000000009
1PPF,I,34,LYS,10.714845657348633,10.13,10.4,0.31484565734863246,-0.2699999999999996
1CDC,A,99,GLU,3.9691524505615234,4.25,4.2,-0.23084754943847674,0.04999999999999982
1STN,A,52,GLU,2.7496979236602783,3.93,4.2,-1.4503020763397219,-0.27
2ZTA,A,6,GLU,4.266313076019287,4.6,4.2,0.06631307601928693,0.39999999999999947
1XNB,A,106,ASP,4.3591766357421875,2.7,3.7,0.6591766357421873,-1.0
1STN,A,57,GLU,3.9340662956237793,3.49,4.2,-0.2659337043762209,-0.71
1LSE,A,1,LYS,10.613889694213867,10.8,10.4,0.21388969421386683,0.40000000000000036
1HV1,A,172,GLU,5.194927215576172,7.2,4.2,0.9949272155761717,3.0
2ZTA,A,15,LYS,10.722848892211914,10.62,10.4,0.3228488922119137,0.21999999999999886
1BNI,B,44,ASP,3.469942331314087,3.6,3.7,-0.23005766868591326,-0.10000000000000009
1QH7,A,167,GLU,4.235384941101074,3.58,4.2,0.03538494110107404,-0.6200000000000001
2QMT,A,47,ASP,3.3403124809265137,3.4,3.7,-0.3596875190734865,-0.30000000000000027
2BCA,A,12,LYS,10.681777954101562,11.06,10.4,0.28177795410156214,0.6600000000000001
1YGW,A,58,GLU,4.124444007873535,3.96,4.2,-0.07555599212646502,-0.2400000000000002
1SAP,A,62,GLU,2.9438202381134033,3.99,4.2,-1.2561797618865969,-0.20999999999999996
1BVI,B,27,HIS,7.47144889831543,7.57,6.34,1.1314488983154298,1.2300000000000004
4ICB,A,16,LYS,11.142766952514648,10.06,10.4,0.7427669525146481,-0.33999999999999986
1DE3,A,137,HIS,6.134914398193359,5.8,6.34,-0.20508560180664048,-0.54
1BVI,B,31,GLU,4.455679893493652,5.36,4.2,0.25567989349365217,1.1600000000000001
1STN,A,75,GLU,3.022395133972168,3.26,4.2,-1.1776048660278322,-0.9400000000000004
1SAP,A,36,ASP,3.1249899864196777,3.12,3.7,-0.5750100135803224,-0.5800000000000001
135L,A,35,GLU,4.315159797668457,6.06,4.2,0.11515979766845685,1.8599999999999994
4HMI,A,93,LYS,6.753711700439453,6.5,10.4,-3.6462882995605472,-3.9000000000000004
2IGH,A,27,ASP,2.83190655708313,2.9,3.7,-0.8680934429168703,-0.8000000000000003
4ICB,A,1,LYS,10.923002243041992,10.59,10.4,0.5230022430419918,0.1899999999999995
1BNI,B,60,GLU,3.5228869915008545,3.0,4.2,-0.6771130084991457,-1.2000000000000002
1H4G,B,178,GLU,6.086640357971191,4.1,4.2,1.8866403579711912,-0.10000000000000053
1BNZ,A,48,GLU,3.581625461578369,4.03,4.2,-0.618374538421631,-0.16999999999999993
1DE3,A,75,ASP,2.3888192176818848,3.9,3.7,-1.3111807823181154,0.19999999999999973
1BNZ,A,54,GLU,2.904334306716919,3.56,4.2,-1.2956656932830812,-0.6400000000000001
1BNI,B,22,ASP,3.3713464736938477,3.3,3.7,-0.3286535263061525,-0.40000000000000036
1B2X,A,22,ASP,3.829900026321411,3.3,3.7,0.12990002632141096,-0.40000000000000036
1QH7,A,178,GLU,5.342364311218262,4.1,4.2,1.1423643112182615,-0.10000000000000053
1IG5,A,5,GLU,3.7836339473724365,3.4,4.2,-0.41636605262756365,-0.8000000000000003
2IGH,A,61,GLU,4.246157646179199,4.2,4.2,0.04615764617919904,0.0
1TRS,A,95,GLU,3.2885866165161133,4.1,4.2,-0.9114133834838869,-0.10000000000000053
1STN,A,122,GLU,2.844602584838867,3.89,4.2,-1.355397415161133,-0.31000000000000005
1LSE,A,101,ASP,4.049618721008301,4.09,3.7,0.3496187210083006,0.3899999999999997
2IGH,A,29,GLU,3.6040515899658203,4.2,4.2,-0.5959484100341799,0.0
1HNG,A,94,ASP,2.4573798179626465,3.87,3.7,-1.2426201820373537,0.16999999999999993
1BVI,B,15,ASP,3.824460506439209,3.52,3.7,0.1244605064392088,-0.18000000000000016
1EGF,A,27,ASP,3.9941234588623047,4.0,3.7,0.2941234588623045,0.2999999999999998
1TRS,A,68,GLU,4.192151069641113,5.1,4.2,-0.007848930358886896,0.8999999999999995
1DE3,A,85,ASP,3.1274890899658203,3.8,3.7,-0.5725109100341799,0.09999999999999964
4ICB,A,29,LYS,10.670957565307617,11.28,10.4,0.27095756530761683,0.879999999999999
4ICB,A,71,LYS,10.7109375,10.72,10.4,0.31093749999999964,0.3200000000000003
1BVI,B,102,GLU,4.517195701599121,5.3,4.2,0.3171957015991209,1.0999999999999996
1QH7,A,94,GLU,4.708681106567383,3.94,4.2,0.5086811065673826,-0.26000000000000023
135L,A,52,ASP,4.705700874328613,3.78,3.7,1.005700874328613,0.07999999999999963
2BCA,A,71,LYS,10.780265808105469,10.73,10.4,0.3802658081054684,0.33000000000000007
1KF3,A,53,ASP,4.3750081062316895,3.7,3.7,0.6750081062316893,0.0
1ERT,A,68,GLU,4.484439849853516,4.9,4.2,0.28443984985351545,0.7000000000000002
2ZTA,A,3,LYS,10.611225128173828,10.78,10.4,0.21122512817382777,0.379999999999999
1LZ3,A,35,GLU,4.151314735412598,6.06,4.2,-0.04868526458740252,1.8599999999999994
1QH7,A,32,HIS,6.4694061279296875,6.68,6.34,0.12940612792968764,0.33999999999999986
4HHB,A,112,HIS,7.2894287109375,8.1,6.34,0.9494287109375001,1.7599999999999998
1STN,A,135,GLU,3.8464648723602295,3.76,4.2,-0.3535351276397707,-0.4400000000000004
1DWR,A,116,HIS,6.774374485015869,6.79,6.34,0.4343744850158693,0.4500000000000002
4ICB,A,5,GLU,3.6355319023132324,3.4,4.2,-0.5644680976867678,-0.8000000000000003
1STN,A,43,GLU,3.7274398803710938,4.32,4.2,-0.4725601196289064,0.1200000000000001
1EGF,A,40,ASP,3.197093963623047,3.6,3.7,-0.5029060363769533,-0.10000000000000009
1ERT,A,47,GLU,4.282331943511963,4.1,4.2,0.08233194351196271,-0.10000000000000053
1A91,A,2,GLU,3.7363433837890625,5.5,4.2,-0.4636566162109377,1.2999999999999998
1A6K,A,12,HIS,6.593362808227539,6.29,6.34,0.2533628082275392,-0.04999999999999982
2BCA,A,1,LYS,10.638870239257812,10.59,10.4,0.23887023925781214,0.1899999999999995
1SAP,A,11,GLU,3.659146785736084,4.19,4.2,-0.5408532142639162,-0.009999999999999787
1LSE,A,119,ASP,2.848717212677002,3.2,3.7,-0.8512827873229982,-0.5
1EPH,A,22,HIS,6.573191165924072,6.8,6.34,0.2331911659240724,0.45999999999999996
1QH7,A,11,HIS,4.895498752593994,6.52,6.34,-1.4445012474060057,0.17999999999999972
1YGW,A,29,ASP,3.6850125789642334,4.26,3.7,-0.01498742103576678,0.5599999999999996
1ERT,A,16,ASP,4.196972370147705,3.7,3.7,0.4969723701477049,0.0
6GST,A,83,HIS,6.729100227355957,5.18,6.34,0.3891002273559572,-1.1600000000000001
1BHC,J,50,ASP,3.252056121826172,3.4,3.7,-0.4479438781738283,-0.30000000000000027
1FNA,A,38,GLU,3.6493189334869385,3.8,4.2,-0.5506810665130617,-0.40000000000000036
1IG5,A,41,LYS,10.701040267944336,10.93,10.4,0.3010402679443356,0.5299999999999994
1BNZ,A,11,GLU,3.7686495780944824,4.17,4.2,-0.43135042190551776,-0.03000000000000025
1LZ1,A,78,HIS,6.7905731201171875,7.12,6.34,0.45057312011718764,0.7800000000000002
1H4G,B,15,ASP,3.9347825050354004,3.35,3.7,0.2347825050354002,-0.3500000000000001
1CDC,A,56,GLU,3.446866035461426,3.92,4.2,-0.7531339645385744,-0.28000000000000025
1BCX,A,78,GLU,5.224068641662598,4.6,4.2,1.0240686416625975,0.39999999999999947
1DE3,A,144,GLU,3.7573044300079346,4.3,4.2,-0.4426955699920656,0.09999999999999964
1GB1,A,22,ASP,2.50842547416687,2.9,3.7,-1.19157452583313,-0.8000000000000003
1YGW,A,49,ASP,3.4270193576812744,4.22,3.7,-0.27298064231872576,0.5199999999999996
135L,A,119,ASP,2.548750400543213,3.35,3.7,-1.1512495994567873,-0.3500000000000001
1QH7,A,12,ASP,2.7857563495635986,3.94,3.7,-0.9142436504364015,0.23999999999999977
1LSE,A,116,LYS,10.563119888305664,10.4,10.4,0.1631198883056637,0.0
2BCA,A,16,LYS,11.143888473510742,11.06,10.4,0.7438884735107418,0.6600000000000001
