PDB ID,Chain,Res ID,Res Name,Predict pKa,Target pKa,model pKa,Predict pKa shift,Target pKa shift
1HV0,A,172,GLU,5.459627151489258,7.2,4.2,1.2596271514892576,3.0
3C1E,A,119,LYS,6.936413288116455,6.2,10.4,-3.4635867118835453,-4.2
1EX3,A,102,ASP,4.267101287841797,1.36,3.7,0.5671012878417967,-2.34
1BNI,B,73,GLU,4.484580993652344,2.1,4.2,0.2845809936523436,-2.1
1DG9,A,72,HIS,6.0438947677612305,9.19,6.34,-0.2961052322387694,2.8499999999999996
1CDC,A,41,GLU,3.4639086723327637,6.73,4.2,-0.7360913276672365,2.5300000000000002
3RUZ,A,68,LYS,9.07380485534668,7.4,10.4,-1.3261951446533207,-3.0
1ERT,A,26,ASP,7.118599891662598,9.9,3.7,3.4185998916625975,6.2
1LNI,A,79,ASP,5.127148151397705,7.37,3.7,1.427148151397705,3.67
1H4G,B,60,HIS,5.34627628326416,4.01,6.34,-0.9937237167358397,-2.33
1A91,A,61,ASP,4.761972427368164,7.1,3.7,1.0619724273681639,3.3999999999999995
1QH7,A,184,GLU,4.9906907081604,6.5,4.2,0.7906907081604002,2.3
1B2X,A,73,GLU,3.197969913482666,2.1,4.2,-1.0020300865173342,-2.1
1XNB,A,172,GLU,5.337255477905273,7.2,4.2,1.1372554779052733,3.0
1HNG,A,41,GLU,4.313230037689209,6.73,4.2,0.1132300376892088,2.5300000000000002
1LSE,A,48,ASP,2.9067461490631104,1.6,3.7,-0.7932538509368898,-2.1
1QH7,A,60,HIS,4.99896240234375,4.01,6.34,-1.3410375976562499,-2.33
1H4G,B,184,GLU,5.5792236328125,6.5,4.2,1.3792236328124998,2.3
1HV1,A,172,GLU,5.194927215576172,7.2,4.2,0.9949272155761717,3.0
4HMI,A,93,LYS,6.753713130950928,6.5,10.4,-3.6462868690490726,-3.9000000000000004
1LZ3,A,7,GLU,3.3082034587860107,2.68,4.2,-0.8917965412139894,-1.52
1LSE,A,35,GLU,4.737504959106445,6.2,4.2,0.5375049591064451,2.0
1LSE,A,87,ASP,2.9895741939544678,2.07,3.7,-0.7104258060455324,-1.6300000000000003
1A6K,A,36,HIS,7.392399311065674,8.06,6.34,1.052399311065674,1.7200000000000006
135L,A,7,GLU,3.327970027923584,2.68,4.2,-0.8720299720764162,-1.52
1KF3,A,38,ASP,3.076573610305786,2.1,3.7,-0.623426389694214,-1.6
4ICB,A,55,LYS,11.206865310668945,12.12,10.4,0.806865310668945,1.7199999999999989
1ERT,A,61,ASP,4.517186641693115,5.3,3.7,0.8171866416931151,1.5999999999999996
1LNI,A,53,HIS,7.2189435958862305,8.27,6.34,0.8789435958862306,1.9299999999999997
2BCA,A,55,LYS,11.232109069824219,12.12,10.4,0.8321090698242184,1.7199999999999989
1A91,A,7,ASP,4.275984764099121,5.6,3.7,0.5759847640991209,1.8999999999999995
1MUT,A,39,LYS,11.108823776245117,8.4,10.4,0.7088237762451168,-2.0
1IG5,A,55,LYS,11.256113052368164,12.12,10.4,0.8561130523681637,1.7199999999999989
1A91,A,44,ASP,3.5975589752197266,5.6,3.7,-0.10244102478027362,1.8999999999999995
1DG9,A,66,HIS,7.410917282104492,8.29,6.34,1.0709172821044923,1.9499999999999993
135L,A,35,GLU,4.315158843994141,6.06,4.2,0.11515884399414045,1.8599999999999994
1LZ3,A,35,GLU,4.151314735412598,6.06,4.2,-0.04868526458740252,1.8599999999999994
4HHB,A,112,HIS,7.2894287109375,8.1,6.34,0.9494287109375001,1.7599999999999998
1STN,A,10,GLU,3.5212674140930176,2.82,4.2,-0.6787325859069826,-1.3800000000000003
1BVI,B,28,GLU,4.4086198806762695,5.61,4.2,0.20861988067626935,1.4100000000000001
1A6K,A,48,HIS,6.3117899894714355,5.25,6.34,-0.02821001052856431,-1.0899999999999999
1BVI,B,102,GLU,4.5171942710876465,5.3,4.2,0.3171942710876463,1.0999999999999996
1B2X,A,60,GLU,3.7323944568634033,3.0,4.2,-0.46760554313659686,-1.2000000000000002
1LZ3,A,18,ASP,3.0334794521331787,2.68,3.7,-0.6665205478668215,-1.02
1LSE,A,7,GLU,4.0940728187561035,2.85,4.2,-0.10592718124389666,-1.35
2OVO,A,27,ASP,3.409902572631836,2.3,3.7,-0.29009742736816424,-1.4000000000000004
1YGW,A,31,GLU,4.434595108032227,5.36,4.2,0.23459510803222638,1.1600000000000001
4MBN,A,36,HIS,7.2251691818237305,7.83,6.34,0.8851691818237306,1.4900000000000002
1DE3,A,150,HIS,6.24846076965332,7.6,6.34,-0.09153923034667955,1.2599999999999998
4HHB,A,20,HIS,7.092965126037598,7.6,6.34,0.7529651260375978,1.2599999999999998
1B2X,A,18,HIS,7.214878082275391,7.75,6.34,0.8748780822753908,1.4100000000000001
1BNZ,A,35,ASP,2.7649009227752686,2.67,3.7,-0.9350990772247316,-1.0300000000000002
1ANS,A,20,GLU,4.157902717590332,5.4,4.2,-0.042097282409668146,1.2000000000000002
1IG5,A,25,LYS,10.869882583618164,11.81,10.4,0.4698825836181637,1.4100000000000001
1BNI,B,60,GLU,3.5228869915008545,3.0,4.2,-0.6771130084991457,-1.2000000000000002
1KF3,A,2,GLU,3.467071056365967,2.7,4.2,-0.7329289436340334,-1.5
1DWR,A,36,HIS,7.264784336090088,7.8,6.34,0.924784336090088,1.46
1YGW,A,102,GLU,4.567490100860596,5.3,4.2,0.3674901008605955,1.0999999999999996
1YGW,A,28,GLU,4.209173202514648,5.61,4.2,0.00917320251464826,1.4100000000000001
1BVI,B,31,GLU,4.455679416656494,5.36,4.2,0.25567941665649396,1.1600000000000001
2OVO,A,7,ASP,2.854377031326294,2.67,3.7,-0.8456229686737062,-1.0300000000000002
1STN,A,121,HIS,5.5298027992248535,5.3,6.34,-0.8101972007751463,-1.04
6GST,A,83,HIS,6.729100704193115,5.18,6.34,0.3891007041931154,-1.1600000000000001
1TRS,A,61,ASP,4.157482624053955,5.2,3.7,0.4574826240539549,1.5
1BNI,B,18,HIS,7.330759525299072,7.75,6.34,0.9907595252990724,1.4100000000000001
1YGW,A,27,HIS,8.174947738647461,7.57,6.34,1.834947738647461,1.2300000000000004
1GS9,A,146,LYS,10.190034866333008,9.2,10.4,-0.20996513366699254,-1.200000000000001
1BVI,B,40,HIS,7.105029106140137,7.44,6.34,0.7650291061401369,1.1000000000000005
1A91,A,37,GLU,4.230106353759766,5.5,4.2,0.030106353759765447,1.2999999999999998
1EX3,A,194,ASP,4.580887794494629,2.29,3.7,0.8808877944946287,-1.4100000000000001
1A91,A,2,GLU,3.7363429069519043,5.5,4.2,-0.4636570930480959,1.2999999999999998
1BNZ,A,16,ASP,2.1865344047546387,2.62,3.7,-1.5134655952453615,-1.08
1LSE,A,18,ASP,2.8697547912597656,2.66,3.7,-0.8302452087402346,-1.04
1LNI,A,78,GLU,3.6034927368164062,3.13,4.2,-0.5965072631835939,-1.0700000000000003
6GST,A,167,HIS,7.427308559417725,7.77,6.34,1.0873085594177248,1.4299999999999997
1DE3,A,50,HIS,6.287810325622559,7.7,6.34,-0.052189674377441264,1.3600000000000003
4ICB,A,25,LYS,10.887199401855469,11.81,10.4,0.4871994018554684,1.4100000000000001
1XNB,A,11,ASP,3.1841912269592285,2.5,3.7,-0.5158087730407717,-1.2000000000000002
1YGW,A,40,HIS,5.38258171081543,7.44,6.34,-0.9574182891845702,1.1000000000000005
135L,A,18,ASP,2.8819751739501953,2.68,3.7,-0.8180248260498049,-1.02
1BVI,B,27,HIS,7.47144889831543,7.57,6.34,1.1314488983154298,1.2300000000000004
2OVO,A,43,GLU,4.362528324127197,4.81,4.2,0.1625283241271971,0.6099999999999994
4ICB,A,11,GLU,4.2533345222473145,4.74,4.2,0.053334522247314275,0.54
1TRS,A,56,GLU,4.009720802307129,3.2,4.2,-0.19027919769287127,-1.0
1STN,A,57,GLU,3.9340662956237793,3.49,4.2,-0.2659337043762209,-0.71
2ZTA,A,8,LYS,10.7777099609375,11.26,10.4,0.37770996093749964,0.8599999999999994
1YGW,A,49,ASP,3.427018880844116,4.22,3.7,-0.27298111915588397,0.5199999999999996
1PPF,I,13,LYS,11.103532791137695,9.87,10.4,0.703532791137695,-0.5300000000000011
4ICB,A,12,LYS,11.110418319702148,11.06,10.4,0.7104183197021481,0.6600000000000001
1SAP,A,53,GLU,4.111723899841309,3.53,4.2,-0.08827610015869158,-0.6700000000000004
2ZTA,A,27,LYS,10.59041976928711,11.1,10.4,0.19041976928710902,0.6999999999999993
2BCA,A,29,LYS,10.238687515258789,11.28,10.4,-0.1613124847412113,0.879999999999999
1XNB,A,106,ASP,4.359177112579346,2.7,3.7,0.6591771125793455,-1.0
1CDC,A,71,ASP,3.1597421169281006,3.18,3.7,-0.5402578830718996,-0.52
1IG5,A,11,GLU,4.411541938781738,4.74,4.2,0.2115419387817381,0.54
4ICB,A,5,GLU,3.6355319023132324,3.4,4.2,-0.5644680976867678,-0.8000000000000003
1YGW,A,46,GLU,3.80143404006958,3.62,4.2,-0.3985659599304201,-0.5800000000000001
1SAP,A,36,ASP,3.1249895095825195,3.12,3.7,-0.5750104904174806,-0.5800000000000001
2BCA,A,12,LYS,10.681777954101562,11.06,10.4,0.28177795410156214,0.6600000000000001
2IGH,A,45,ASP,3.8333873748779297,4.4,3.7,0.1333873748779295,0.7000000000000002
1A6K,A,97,HIS,4.785409450531006,5.63,6.34,-1.554590549468994,-0.71
1BNZ,A,54,GLU,2.904334306716919,3.56,4.2,-1.2956656932830812,-0.6400000000000001
2OVO,A,19,GLU,3.4387030601501465,3.21,4.2,-0.7612969398498537,-0.9900000000000002
1SAP,A,16,ASP,2.7048707008361816,2.89,3.7,-0.9951292991638185,-0.81
1IG5,A,7,LYS,10.978317260742188,11.36,10.4,0.5783172607421871,0.9599999999999991
2QMT,A,22,ASP,2.1381912231445312,2.9,3.7,-1.561808776855469,-0.8000000000000003
1KF3,A,121,ASP,3.680736541748047,3.0,3.7,-0.019263458251953303,-0.7000000000000002
1RGG,A,54,GLU,4.352940082550049,3.42,4.2,0.15294008255004865,-0.7800000000000002
1LNI,A,93,ASP,3.388266086578369,3.09,3.7,-0.31173391342163104,-0.6100000000000003
4ICB,A,47,ASP,2.2465286254882812,3.04,3.7,-1.453471374511719,-0.6600000000000001
4HHB,A,72,HIS,7.286403656005859,7.3,6.34,0.9464036560058595,0.96
1BVI,B,49,ASP,3.706237316131592,4.22,3.7,0.006237316131591619,0.5199999999999996
2BCA,A,41,LYS,10.335470199584961,10.93,10.4,-0.06452980041503942,0.5299999999999994
1IG5,A,16,LYS,11.119352340698242,11.06,10.4,0.7193523406982418,0.6600000000000001
4HHB,A,89,HIS,6.61913537979126,7.2,6.34,0.2791353797912599,0.8600000000000003
1GS9,A,143,LYS,10.207488059997559,9.5,10.4,-0.19251194000244176,-0.9000000000000004
1DE3,A,96,GLU,6.385286331176758,5.1,4.2,2.1852863311767576,0.8999999999999995
1BVI,B,29,ASP,4.373382091522217,4.26,3.7,0.6733820915222166,0.5599999999999996
2BCA,A,16,LYS,11.143888473510742,11.06,10.4,0.7438884735107418,0.6600000000000001
1IGC,A,27,ASP,2.346984624862671,2.9,3.7,-1.3530153751373293,-0.8000000000000003
1IG5,A,29,LYS,10.748586654663086,11.28,10.4,0.3485866546630856,0.879999999999999
1IG5,A,72,LYS,10.667009353637695,11.33,10.4,0.26700935363769496,0.9299999999999997
1IG5,A,47,ASP,3.077691078186035,3.04,3.7,-0.622308921813965,-0.6600000000000001
4ICB,A,41,LYS,10.665359497070312,10.93,10.4,0.26535949707031214,0.5299999999999994
1DE3,A,35,HIS,7.070501327514648,6.3,6.34,0.7305013275146486,-0.040000000000000036
1BNI,B,29,GLU,3.2361643314361572,3.75,4.2,-0.963835668563843,-0.4500000000000002
1IG5,A,71,LYS,10.535396575927734,10.73,10.4,0.13539657592773402,0.33000000000000007
1BHC,J,46,LYS,10.583934783935547,10.6,10.4,0.18393478393554652,0.1999999999999993
1QH7,A,94,GLU,4.708681106567383,3.94,4.2,0.5086811065673826,-0.26000000000000023
2QMT,A,40,ASP,3.6172075271606445,4.0,3.7,-0.08279247283935565,0.2999999999999998
1BPI,A,49,GLU,3.3710434436798096,3.8,4.2,-0.8289565563201906,-0.40000000000000036
2ZTA,A,11,GLU,3.6468613147735596,4.05,4.2,-0.5531386852264406,-0.15000000000000036
1HNG,A,25,ASP,3.0809388160705566,3.53,3.7,-0.6190611839294435,-0.17000000000000037
1CDC,A,29,GLU,3.7986884117126465,4.42,4.2,-0.4013115882873537,0.21999999999999975
1UBQ,A,16,GLU,3.8651576042175293,3.9,4.2,-0.3348423957824709,-0.30000000000000027
1ERT,A,60,ASP,3.843144416809082,4.2,3.7,0.14314441680908185,0.5
1KF3,A,86,GLU,3.9023852348327637,4.0,4.2,-0.2976147651672365,-0.20000000000000018
1DE3,A,19,GLU,3.436656951904297,4.6,4.2,-0.7633430480957033,0.39999999999999947
1QH7,A,178,GLU,5.342364311218262,4.1,4.2,1.1423643112182615,-0.10000000000000053
1GS9,A,75,LYS,10.580244064331055,10.1,10.4,0.18024406433105433,-0.3000000000000007
1LZ3,A,119,ASP,2.63012957572937,3.35,3.7,-1.06987042427063,-0.3500000000000001
1HV1,A,78,GLU,6.545288562774658,4.6,4.2,2.345288562774658,0.39999999999999947
1TRS,A,60,ASP,3.868835926055908,3.9,3.7,0.16883592605590803,0.19999999999999973
1SAP,A,47,GLU,3.5595929622650146,4.21,4.2,-0.6404070377349855,0.009999999999999787
1QH7,A,126,GLU,3.4437508583068848,4.51,4.2,-0.7562491416931154,0.3099999999999996
1A6K,A,12,HIS,6.593362808227539,6.29,6.34,0.2533628082275392,-0.04999999999999982
1TRS,A,13,GLU,4.215963363647461,4.4,4.2,0.01596336364746076,0.20000000000000018
1YGW,A,15,ASP,3.2214531898498535,3.52,3.7,-0.47854681015014666,-0.18000000000000016
2QMT,A,15,GLU,4.153883934020996,4.4,4.2,-0.046116065979004084,0.20000000000000018
1DE3,A,36,HIS,6.939291954040527,6.8,6.34,0.5992919540405275,0.45999999999999996
2BCA,A,1,LYS,10.638870239257812,10.59,10.4,0.23887023925781214,0.1899999999999995
1LSE,A,116,LYS,10.563119888305664,10.4,10.4,0.1631198883056637,0.0
1H4G,B,56,GLU,4.200562477111816,4.55,4.2,0.0005624771118162286,0.34999999999999964
1UBQ,A,18,GLU,4.153874397277832,4.3,4.2,-0.046125602722168146,0.09999999999999964
1ERT,A,16,ASP,4.196972370147705,3.7,3.7,0.4969723701477049,0.0
1BNI,B,12,ASP,3.9816675186157227,3.8,3.7,0.2816675186157225,0.09999999999999964
3SRN,A,105,HIS,6.150172233581543,6.82,6.34,-0.1898277664184569,0.4800000000000004
1QH7,A,21,ASP,3.1705334186553955,3.46,3.7,-0.5294665813446047,-0.2400000000000002
2QMT,A,36,ASP,4.18967342376709,3.8,3.7,0.48967342376708967,0.09999999999999964
1BPI,A,26,LYS,10.587127685546875,10.6,10.4,0.18712768554687464,0.1999999999999993
1HNG,A,99,GLU,3.1999454498291016,4.25,4.2,-1.0000545501708986,0.04999999999999982
1A6K,A,116,HIS,6.205539703369141,6.49,6.34,-0.13446029663085923,0.15000000000000036
2ZTA,A,18,HIS,6.192924499511719,6.24,6.34,-0.1470755004882811,-0.09999999999999964
1GB1,A,56,GLU,3.6351828575134277,4.0,4.2,-0.5648171424865724,-0.20000000000000018
1CDC,A,62,ASP,3.3593382835388184,4.15,3.7,-0.3406617164611818,0.4500000000000002
1BI6,H,24,GLU,3.839419364929199,4.2,4.2,-0.36058063507080096,0.0
1CDC,A,94,ASP,3.0601348876953125,3.87,3.7,-0.6398651123046877,0.16999999999999993
